{
    "task_info": "NumericClassificationTask",
    "data": [
        {
            "feature_0": 4.9,
            "feature_1": 3.0,
            "feature_2": 1.4,
            "feature_3": 0.2,
            "class": "Iris-setosa"
        },
        {
            "feature_0": 4.7,
            "feature_1": 3.2,
            "feature_2": 1.3,
            "feature_3": 0.2,
            "class": "Iris-setosa"
        },
        {
            "feature_0": 4.6,
            "feature_1": 3.1,
            "feature_2": 1.5,
            "feature_3": 0.2,
            "class": "Iris-setosa"
        },
        {
            "feature_0": 5.0,
            "feature_1": 3.6,
            "feature_2": 1.4,
            "feature_3": 0.2,
            "class": "Iris-setosa"
        },
        {
            "feature_0": 4.6,
            "feature_1": 3.4,
            "feature_2": 1.4,
            "feature_3": 0.3,
            "class": "Iris-setosa"
        },
        {
            "feature_0": 5.0,
            "feature_1": 3.4,
            "feature_2": 1.5,
            "feature_3": 0.2,
            "class": "Iris-setosa"
        },
        {
            "feature_0": 4.4,
            "feature_1": 2.9,
            "feature_2": 1.4,
            "feature_3": 0.2,
            "class": "Iris-setosa"
        },
        {
            "feature_0": 4.9,
            "feature_1": 3.1,
            "feature_2": 1.5,
            "feature_3": 0.1,
            "class": "Iris-setosa"
        },
        {
            "feature_0": 4.8,
            "feature_1": 3.4,
            "feature_2": 1.6,
            "feature_3": 0.2,
            "class": "Iris-setosa"
        },
        {
            "feature_0": 4.8,
            "feature_1": 3.0,
            "feature_2": 1.4,
            "feature_3": 0.1,
            "class": "Iris-setosa"
        },
        {
            "feature_0": 4.3,
            "feature_1": 3.0,
            "feature_2": 1.1,
            "feature_3": 0.1,
            "class": "Iris-setosa"
        },
        {
            "feature_0": 5.8,
            "feature_1": 4.0,
            "feature_2": 1.2,
            "feature_3": 0.2,
            "class": "Iris-setosa"
        },
        {
            "feature_0": 5.4,
            "feature_1": 3.9,
            "feature_2": 1.3,
            "feature_3": 0.4,
            "class": "Iris-setosa"
        },
        {
            "feature_0": 5.1,
            "feature_1": 3.5,
            "feature_2": 1.4,
            "feature_3": 0.3,
            "class": "Iris-setosa"
        },
        {
            "feature_0": 5.7,
            "feature_1": 3.8,
            "feature_2": 1.7,
            "feature_3": 0.3,
            "class": "Iris-setosa"
        },
        {
            "feature_0": 5.1,
            "feature_1": 3.8,
            "feature_2": 1.5,
            "feature_3": 0.3,
            "class": "Iris-setosa"
        },
        {
            "feature_0": 5.1,
            "feature_1": 3.7,
            "feature_2": 1.5,
            "feature_3": 0.4,
            "class": "Iris-setosa"
        },
        {
            "feature_0": 4.6,
            "feature_1": 3.6,
            "feature_2": 1.0,
            "feature_3": 0.2,
            "class": "Iris-setosa"
        },
        {
            "feature_0": 5.1,
            "feature_1": 3.3,
            "feature_2": 1.7,
            "feature_3": 0.5,
            "class": "Iris-setosa"
        },
        {
            "feature_0": 4.8,
            "feature_1": 3.4,
            "feature_2": 1.9,
            "feature_3": 0.2,
            "class": "Iris-setosa"
        },
        {
            "feature_0": 5.0,
            "feature_1": 3.4,
            "feature_2": 1.6,
            "feature_3": 0.4,
            "class": "Iris-setosa"
        },
        {
            "feature_0": 5.2,
            "feature_1": 3.5,
            "feature_2": 1.5,
            "feature_3": 0.2,
            "class": "Iris-setosa"
        },
        {
            "feature_0": 5.2,
            "feature_1": 3.4,
            "feature_2": 1.4,
            "feature_3": 0.2,
            "class": "Iris-setosa"
        },
        {
            "feature_0": 4.7,
            "feature_1": 3.2,
            "feature_2": 1.6,
            "feature_3": 0.2,
            "class": "Iris-setosa"
        },
        {
            "feature_0": 5.4,
            "feature_1": 3.4,
            "feature_2": 1.5,
            "feature_3": 0.4,
            "class": "Iris-setosa"
        },
        {
            "feature_0": 5.2,
            "feature_1": 4.1,
            "feature_2": 1.5,
            "feature_3": 0.1,
            "class": "Iris-setosa"
        },
        {
            "feature_0": 5.5,
            "feature_1": 4.2,
            "feature_2": 1.4,
            "feature_3": 0.2,
            "class": "Iris-setosa"
        },
        {
            "feature_0": 4.9,
            "feature_1": 3.1,
            "feature_2": 1.5,
            "feature_3": 0.1,
            "class": "Iris-setosa"
        },
        {
            "feature_0": 5.5,
            "feature_1": 3.5,
            "feature_2": 1.3,
            "feature_3": 0.2,
            "class": "Iris-setosa"
        },
        {
            "feature_0": 4.9,
            "feature_1": 3.1,
            "feature_2": 1.5,
            "feature_3": 0.1,
            "class": "Iris-setosa"
        },
        {
            "feature_0": 4.4,
            "feature_1": 3.0,
            "feature_2": 1.3,
            "feature_3": 0.2,
            "class": "Iris-setosa"
        },
        {
            "feature_0": 5.1,
            "feature_1": 3.4,
            "feature_2": 1.5,
            "feature_3": 0.2,
            "class": "Iris-setosa"
        },
        {
            "feature_0": 4.5,
            "feature_1": 2.3,
            "feature_2": 1.3,
            "feature_3": 0.3,
            "class": "Iris-setosa"
        },
        {
            "feature_0": 4.4,
            "feature_1": 3.2,
            "feature_2": 1.3,
            "feature_3": 0.2,
            "class": "Iris-setosa"
        },
        {
            "feature_0": 5.0,
            "feature_1": 3.5,
            "feature_2": 1.6,
            "feature_3": 0.6,
            "class": "Iris-setosa"
        },
        {
            "feature_0": 5.1,
            "feature_1": 3.8,
            "feature_2": 1.9,
            "feature_3": 0.4,
            "class": "Iris-setosa"
        },
        {
            "feature_0": 5.1,
            "feature_1": 3.8,
            "feature_2": 1.6,
            "feature_3": 0.2,
            "class": "Iris-setosa"
        },
        {
            "feature_0": 4.6,
            "feature_1": 3.2,
            "feature_2": 1.4,
            "feature_3": 0.2,
            "class": "Iris-setosa"
        },
        {
            "feature_0": 5.3,
            "feature_1": 3.7,
            "feature_2": 1.5,
            "feature_3": 0.2,
            "class": "Iris-setosa"
        },
        {
            "feature_0": 5.0,
            "feature_1": 3.3,
            "feature_2": 1.4,
            "feature_3": 0.2,
            "class": "Iris-setosa"
        },
        {
            "feature_0": 6.4,
            "feature_1": 3.2,
            "feature_2": 4.5,
            "feature_3": 1.5,
            "class": "Iris-versicolor"
        },
        {
            "feature_0": 6.9,
            "feature_1": 3.1,
            "feature_2": 4.9,
            "feature_3": 1.5,
            "class": "Iris-versicolor"
        },
        {
            "feature_0": 5.5,
            "feature_1": 2.3,
            "feature_2": 4.0,
            "feature_3": 1.3,
            "class": "Iris-versicolor"
        },
        {
            "feature_0": 6.5,
            "feature_1": 2.8,
            "feature_2": 4.6,
            "feature_3": 1.5,
            "class": "Iris-versicolor"
        },
        {
            "feature_0": 6.3,
            "feature_1": 3.3,
            "feature_2": 4.7,
            "feature_3": 1.6,
            "class": "Iris-versicolor"
        },
        {
            "feature_0": 4.9,
            "feature_1": 2.4,
            "feature_2": 3.3,
            "feature_3": 1.0,
            "class": "Iris-versicolor"
        },
        {
            "feature_0": 6.6,
            "feature_1": 2.9,
            "feature_2": 4.6,
            "feature_3": 1.3,
            "class": "Iris-versicolor"
        },
        {
            "feature_0": 5.2,
            "feature_1": 2.7,
            "feature_2": 3.9,
            "feature_3": 1.4,
            "class": "Iris-versicolor"
        },
        {
            "feature_0": 5.9,
            "feature_1": 3.0,
            "feature_2": 4.2,
            "feature_3": 1.5,
            "class": "Iris-versicolor"
        },
        {
            "feature_0": 6.0,
            "feature_1": 2.2,
            "feature_2": 4.0,
            "feature_3": 1.0,
            "class": "Iris-versicolor"
        },
        {
            "feature_0": 6.1,
            "feature_1": 2.9,
            "feature_2": 4.7,
            "feature_3": 1.4,
            "class": "Iris-versicolor"
        },
        {
            "feature_0": 5.6,
            "feature_1": 2.9,
            "feature_2": 3.6,
            "feature_3": 1.3,
            "class": "Iris-versicolor"
        },
        {
            "feature_0": 5.6,
            "feature_1": 3.0,
            "feature_2": 4.5,
            "feature_3": 1.5,
            "class": "Iris-versicolor"
        },
        {
            "feature_0": 5.8,
            "feature_1": 2.7,
            "feature_2": 4.1,
            "feature_3": 1.0,
            "class": "Iris-versicolor"
        },
        {
            "feature_0": 6.2,
            "feature_1": 2.2,
            "feature_2": 4.5,
            "feature_3": 1.5,
            "class": "Iris-versicolor"
        },
        {
            "feature_0": 5.6,
            "feature_1": 2.5,
            "feature_2": 3.9,
            "feature_3": 1.1,
            "class": "Iris-versicolor"
        },
        {
            "feature_0": 6.1,
            "feature_1": 2.8,
            "feature_2": 4.0,
            "feature_3": 1.3,
            "class": "Iris-versicolor"
        },
        {
            "feature_0": 6.3,
            "feature_1": 2.5,
            "feature_2": 4.9,
            "feature_3": 1.5,
            "class": "Iris-versicolor"
        },
        {
            "feature_0": 6.1,
            "feature_1": 2.8,
            "feature_2": 4.7,
            "feature_3": 1.2,
            "class": "Iris-versicolor"
        },
        {
            "feature_0": 6.4,
            "feature_1": 2.9,
            "feature_2": 4.3,
            "feature_3": 1.3,
            "class": "Iris-versicolor"
        },
        {
            "feature_0": 6.8,
            "feature_1": 2.8,
            "feature_2": 4.8,
            "feature_3": 1.4,
            "class": "Iris-versicolor"
        },
        {
            "feature_0": 6.7,
            "feature_1": 3.0,
            "feature_2": 5.0,
            "feature_3": 1.7,
            "class": "Iris-versicolor"
        },
        {
            "feature_0": 6.0,
            "feature_1": 2.9,
            "feature_2": 4.5,
            "feature_3": 1.5,
            "class": "Iris-versicolor"
        },
        {
            "feature_0": 5.7,
            "feature_1": 2.6,
            "feature_2": 3.5,
            "feature_3": 1.0,
            "class": "Iris-versicolor"
        },
        {
            "feature_0": 5.5,
            "feature_1": 2.4,
            "feature_2": 3.7,
            "feature_3": 1.0,
            "class": "Iris-versicolor"
        },
        {
            "feature_0": 5.8,
            "feature_1": 2.7,
            "feature_2": 3.9,
            "feature_3": 1.2,
            "class": "Iris-versicolor"
        },
        {
            "feature_0": 6.0,
            "feature_1": 2.7,
            "feature_2": 5.1,
            "feature_3": 1.6,
            "class": "Iris-versicolor"
        },
        {
            "feature_0": 5.4,
            "feature_1": 3.0,
            "feature_2": 4.5,
            "feature_3": 1.5,
            "class": "Iris-versicolor"
        },
        {
            "feature_0": 6.7,
            "feature_1": 3.1,
            "feature_2": 4.7,
            "feature_3": 1.5,
            "class": "Iris-versicolor"
        },
        {
            "feature_0": 6.3,
            "feature_1": 2.3,
            "feature_2": 4.4,
            "feature_3": 1.3,
            "class": "Iris-versicolor"
        },
        {
            "feature_0": 5.6,
            "feature_1": 3.0,
            "feature_2": 4.1,
            "feature_3": 1.3,
            "class": "Iris-versicolor"
        },
        {
            "feature_0": 5.5,
            "feature_1": 2.5,
            "feature_2": 4.0,
            "feature_3": 1.3,
            "class": "Iris-versicolor"
        },
        {
            "feature_0": 6.1,
            "feature_1": 3.0,
            "feature_2": 4.6,
            "feature_3": 1.4,
            "class": "Iris-versicolor"
        },
        {
            "feature_0": 5.8,
            "feature_1": 2.6,
            "feature_2": 4.0,
            "feature_3": 1.2,
            "class": "Iris-versicolor"
        },
        {
            "feature_0": 5.0,
            "feature_1": 2.3,
            "feature_2": 3.3,
            "feature_3": 1.0,
            "class": "Iris-versicolor"
        },
        {
            "feature_0": 5.6,
            "feature_1": 2.7,
            "feature_2": 4.2,
            "feature_3": 1.3,
            "class": "Iris-versicolor"
        },
        {
            "feature_0": 5.7,
            "feature_1": 2.9,
            "feature_2": 4.2,
            "feature_3": 1.3,
            "class": "Iris-versicolor"
        },
        {
            "feature_0": 6.2,
            "feature_1": 2.9,
            "feature_2": 4.3,
            "feature_3": 1.3,
            "class": "Iris-versicolor"
        },
        {
            "feature_0": 5.1,
            "feature_1": 2.5,
            "feature_2": 3.0,
            "feature_3": 1.1,
            "class": "Iris-versicolor"
        },
        {
            "feature_0": 5.7,
            "feature_1": 2.8,
            "feature_2": 4.1,
            "feature_3": 1.3,
            "class": "Iris-versicolor"
        },
        {
            "feature_0": 5.8,
            "feature_1": 2.7,
            "feature_2": 5.1,
            "feature_3": 1.9,
            "class": "Iris-virginica"
        },
        {
            "feature_0": 7.1,
            "feature_1": 3.0,
            "feature_2": 5.9,
            "feature_3": 2.1,
            "class": "Iris-virginica"
        },
        {
            "feature_0": 6.3,
            "feature_1": 2.9,
            "feature_2": 5.6,
            "feature_3": 1.8,
            "class": "Iris-virginica"
        },
        {
            "feature_0": 6.5,
            "feature_1": 3.0,
            "feature_2": 5.8,
            "feature_3": 2.2,
            "class": "Iris-virginica"
        },
        {
            "feature_0": 4.9,
            "feature_1": 2.5,
            "feature_2": 4.5,
            "feature_3": 1.7,
            "class": "Iris-virginica"
        },
        {
            "feature_0": 7.3,
            "feature_1": 2.9,
            "feature_2": 6.3,
            "feature_3": 1.8,
            "class": "Iris-virginica"
        },
        {
            "feature_0": 6.7,
            "feature_1": 2.5,
            "feature_2": 5.8,
            "feature_3": 1.8,
            "class": "Iris-virginica"
        },
        {
            "feature_0": 7.2,
            "feature_1": 3.6,
            "feature_2": 6.1,
            "feature_3": 2.5,
            "class": "Iris-virginica"
        },
        {
            "feature_0": 6.4,
            "feature_1": 2.7,
            "feature_2": 5.3,
            "feature_3": 1.9,
            "class": "Iris-virginica"
        },
        {
            "feature_0": 6.8,
            "feature_1": 3.0,
            "feature_2": 5.5,
            "feature_3": 2.1,
            "class": "Iris-virginica"
        },
        {
            "feature_0": 5.7,
            "feature_1": 2.5,
            "feature_2": 5.0,
            "feature_3": 2.0,
            "class": "Iris-virginica"
        },
        {
            "feature_0": 5.8,
            "feature_1": 2.8,
            "feature_2": 5.1,
            "feature_3": 2.4,
            "class": "Iris-virginica"
        },
        {
            "feature_0": 6.5,
            "feature_1": 3.0,
            "feature_2": 5.5,
            "feature_3": 1.8,
            "class": "Iris-virginica"
        },
        {
            "feature_0": 7.7,
            "feature_1": 3.8,
            "feature_2": 6.7,
            "feature_3": 2.2,
            "class": "Iris-virginica"
        },
        {
            "feature_0": 7.7,
            "feature_1": 2.6,
            "feature_2": 6.9,
            "feature_3": 2.3,
            "class": "Iris-virginica"
        },
        {
            "feature_0": 6.0,
            "feature_1": 2.2,
            "feature_2": 5.0,
            "feature_3": 1.5,
            "class": "Iris-virginica"
        },
        {
            "feature_0": 5.6,
            "feature_1": 2.8,
            "feature_2": 4.9,
            "feature_3": 2.0,
            "class": "Iris-virginica"
        },
        {
            "feature_0": 7.7,
            "feature_1": 2.8,
            "feature_2": 6.7,
            "feature_3": 2.0,
            "class": "Iris-virginica"
        },
        {
            "feature_0": 6.3,
            "feature_1": 2.7,
            "feature_2": 4.9,
            "feature_3": 1.8,
            "class": "Iris-virginica"
        },
        {
            "feature_0": 6.7,
            "feature_1": 3.3,
            "feature_2": 5.7,
            "feature_3": 2.1,
            "class": "Iris-virginica"
        },
        {
            "feature_0": 6.2,
            "feature_1": 2.8,
            "feature_2": 4.8,
            "feature_3": 1.8,
            "class": "Iris-virginica"
        },
        {
            "feature_0": 6.1,
            "feature_1": 3.0,
            "feature_2": 4.9,
            "feature_3": 1.8,
            "class": "Iris-virginica"
        },
        {
            "feature_0": 6.4,
            "feature_1": 2.8,
            "feature_2": 5.6,
            "feature_3": 2.1,
            "class": "Iris-virginica"
        },
        {
            "feature_0": 7.2,
            "feature_1": 3.0,
            "feature_2": 5.8,
            "feature_3": 1.6,
            "class": "Iris-virginica"
        },
        {
            "feature_0": 7.9,
            "feature_1": 3.8,
            "feature_2": 6.4,
            "feature_3": 2.0,
            "class": "Iris-virginica"
        },
        {
            "feature_0": 6.4,
            "feature_1": 2.8,
            "feature_2": 5.6,
            "feature_3": 2.2,
            "class": "Iris-virginica"
        },
        {
            "feature_0": 6.3,
            "feature_1": 2.8,
            "feature_2": 5.1,
            "feature_3": 1.5,
            "class": "Iris-virginica"
        },
        {
            "feature_0": 6.1,
            "feature_1": 2.6,
            "feature_2": 5.6,
            "feature_3": 1.4,
            "class": "Iris-virginica"
        },
        {
            "feature_0": 6.3,
            "feature_1": 3.4,
            "feature_2": 5.6,
            "feature_3": 2.4,
            "class": "Iris-virginica"
        },
        {
            "feature_0": 6.4,
            "feature_1": 3.1,
            "feature_2": 5.5,
            "feature_3": 1.8,
            "class": "Iris-virginica"
        },
        {
            "feature_0": 6.0,
            "feature_1": 3.0,
            "feature_2": 4.8,
            "feature_3": 1.8,
            "class": "Iris-virginica"
        },
        {
            "feature_0": 6.9,
            "feature_1": 3.1,
            "feature_2": 5.4,
            "feature_3": 2.1,
            "class": "Iris-virginica"
        },
        {
            "feature_0": 6.9,
            "feature_1": 3.1,
            "feature_2": 5.1,
            "feature_3": 2.3,
            "class": "Iris-virginica"
        },
        {
            "feature_0": 5.8,
            "feature_1": 2.7,
            "feature_2": 5.1,
            "feature_3": 1.9,
            "class": "Iris-virginica"
        },
        {
            "feature_0": 6.8,
            "feature_1": 3.2,
            "feature_2": 5.9,
            "feature_3": 2.3,
            "class": "Iris-virginica"
        },
        {
            "feature_0": 6.7,
            "feature_1": 3.3,
            "feature_2": 5.7,
            "feature_3": 2.5,
            "class": "Iris-virginica"
        },
        {
            "feature_0": 6.3,
            "feature_1": 2.5,
            "feature_2": 5.0,
            "feature_3": 1.9,
            "class": "Iris-virginica"
        },
        {
            "feature_0": 6.5,
            "feature_1": 3.0,
            "feature_2": 5.2,
            "feature_3": 2.0,
            "class": "Iris-virginica"
        },
        {
            "feature_0": 6.2,
            "feature_1": 3.4,
            "feature_2": 5.4,
            "feature_3": 2.3,
            "class": "Iris-virginica"
        },
        {
            "feature_0": 5.9,
            "feature_1": 3.0,
            "feature_2": 5.1,
            "feature_3": 1.8,
            "class": "Iris-virginica"
        },
        {
            "feature_0": 5.1,
            "feature_1": 3.5,
            "feature_2": 1.4,
            "feature_3": 0.2,
            "class": "Iris-setosa"
        },
        {
            "feature_0": 5.4,
            "feature_1": 3.9,
            "feature_2": 1.7,
            "feature_3": 0.4,
            "class": "Iris-setosa"
        },
        {
            "feature_0": 5.4,
            "feature_1": 3.7,
            "feature_2": 1.5,
            "feature_3": 0.2,
            "class": "Iris-setosa"
        },
        {
            "feature_0": 5.7,
            "feature_1": 4.4,
            "feature_2": 1.5,
            "feature_3": 0.4,
            "class": "Iris-setosa"
        },
        {
            "feature_0": 5.4,
            "feature_1": 3.4,
            "feature_2": 1.7,
            "feature_3": 0.2,
            "class": "Iris-setosa"
        },
        {
            "feature_0": 5.0,
            "feature_1": 3.0,
            "feature_2": 1.6,
            "feature_3": 0.2,
            "class": "Iris-setosa"
        },
        {
            "feature_0": 4.8,
            "feature_1": 3.1,
            "feature_2": 1.6,
            "feature_3": 0.2,
            "class": "Iris-setosa"
        },
        {
            "feature_0": 5.0,
            "feature_1": 3.2,
            "feature_2": 1.2,
            "feature_3": 0.2,
            "class": "Iris-setosa"
        },
        {
            "feature_0": 5.0,
            "feature_1": 3.5,
            "feature_2": 1.3,
            "feature_3": 0.3,
            "class": "Iris-setosa"
        },
        {
            "feature_0": 4.8,
            "feature_1": 3.0,
            "feature_2": 1.4,
            "feature_3": 0.3,
            "class": "Iris-setosa"
        },
        {
            "feature_0": 7.0,
            "feature_1": 3.2,
            "feature_2": 4.7,
            "feature_3": 1.4,
            "class": "Iris-versicolor"
        },
        {
            "feature_0": 5.7,
            "feature_1": 2.8,
            "feature_2": 4.5,
            "feature_3": 1.3,
            "class": "Iris-versicolor"
        },
        {
            "feature_0": 5.0,
            "feature_1": 2.0,
            "feature_2": 3.5,
            "feature_3": 1.0,
            "class": "Iris-versicolor"
        },
        {
            "feature_0": 6.7,
            "feature_1": 3.1,
            "feature_2": 4.4,
            "feature_3": 1.4,
            "class": "Iris-versicolor"
        },
        {
            "feature_0": 5.9,
            "feature_1": 3.2,
            "feature_2": 4.8,
            "feature_3": 1.8,
            "class": "Iris-versicolor"
        },
        {
            "feature_0": 6.6,
            "feature_1": 3.0,
            "feature_2": 4.4,
            "feature_3": 1.4,
            "class": "Iris-versicolor"
        },
        {
            "feature_0": 5.5,
            "feature_1": 2.4,
            "feature_2": 3.8,
            "feature_3": 1.1,
            "class": "Iris-versicolor"
        },
        {
            "feature_0": 6.0,
            "feature_1": 3.4,
            "feature_2": 4.5,
            "feature_3": 1.6,
            "class": "Iris-versicolor"
        },
        {
            "feature_0": 5.5,
            "feature_1": 2.6,
            "feature_2": 4.4,
            "feature_3": 1.2,
            "class": "Iris-versicolor"
        },
        {
            "feature_0": 5.7,
            "feature_1": 3.0,
            "feature_2": 4.2,
            "feature_3": 1.2,
            "class": "Iris-versicolor"
        },
        {
            "feature_0": 6.3,
            "feature_1": 3.3,
            "feature_2": 6.0,
            "feature_3": 2.5,
            "class": "Iris-virginica"
        },
        {
            "feature_0": 7.6,
            "feature_1": 3.0,
            "feature_2": 6.6,
            "feature_3": 2.1,
            "class": "Iris-virginica"
        },
        {
            "feature_0": 6.5,
            "feature_1": 3.2,
            "feature_2": 5.1,
            "feature_3": 2.0,
            "class": "Iris-virginica"
        },
        {
            "feature_0": 6.4,
            "feature_1": 3.2,
            "feature_2": 5.3,
            "feature_3": 2.3,
            "class": "Iris-virginica"
        },
        {
            "feature_0": 6.9,
            "feature_1": 3.2,
            "feature_2": 5.7,
            "feature_3": 2.3,
            "class": "Iris-virginica"
        },
        {
            "feature_0": 7.2,
            "feature_1": 3.2,
            "feature_2": 6.0,
            "feature_3": 1.8,
            "class": "Iris-virginica"
        },
        {
            "feature_0": 7.4,
            "feature_1": 2.8,
            "feature_2": 6.1,
            "feature_3": 1.9,
            "class": "Iris-virginica"
        },
        {
            "feature_0": 7.7,
            "feature_1": 3.0,
            "feature_2": 6.1,
            "feature_3": 2.3,
            "class": "Iris-virginica"
        },
        {
            "feature_0": 6.7,
            "feature_1": 3.1,
            "feature_2": 5.6,
            "feature_3": 2.4,
            "class": "Iris-virginica"
        },
        {
            "feature_0": 6.7,
            "feature_1": 3.0,
            "feature_2": 5.2,
            "feature_3": 2.3,
            "class": "Iris-virginica"
        }
    ]
}